stock,entry_time,avg_entry_price,last_entry_price,quantity,exit_time,exit_price,tp,sl,trades,pnl,tax,mtf_charge,leverage,mtf_rate_daily,max_mtf_days,brokerage,returns,cum_pnl,cum_max,drawdown,drawdown_pct
NSE:AUBANK-EQ,2020-01-01 11:00:00,397.28,397.28,252,2020-01-01 12:05:00,398.0,0.0,0.0,"[{'entry_time': Timestamp('2020-01-01 11:00:00'), 'entry_price': 397.28, 'quantity': 252}]",141.28000000000688,40.16,0.0,1,0.00019199999999999998,100,0,0.0014111833483561919,500141.28,500141.28,0.0,0.0
NSE:APOLLOTYRE-EQ,2020-01-01 11:00:00,163.6,163.6,611,2020-01-01 12:05:00,163.85,0.0,0.0,"[{'entry_time': Timestamp('2020-01-01 11:00:00'), 'entry_price': 163.6, 'quantity': 611}]",112.66,40.09,0.0,1,0.00019199999999999998,100,0,0.0011270553303534628,500253.94,500253.94,0.0,0.0
NSE:ADANIENT-EQ,2020-01-01 11:00:00,208.3,208.3,480,2020-01-01 12:10:00,208.15,0.0,0.0,"[{'entry_time': Timestamp('2020-01-01 11:00:00'), 'entry_price': 208.3, 'quantity': 480}]",-112.09000000000273,40.09,0.0,1,0.00019199999999999998,100,0,-0.0011210793726996592,500141.85,500253.94,-112.09000000002561,-0.022406620125775642
NSE:AUROPHARMA-EQ,2020-01-01 11:00:00,458.4,458.4,218,2020-01-01 12:15:00,459.25,0.0,0.0,"[{'entry_time': Timestamp('2020-01-01 11:00:00'), 'entry_price': 458.4, 'quantity': 218}]",145.22000000000497,40.08,0.0,1,0.00019199999999999998,100,0,0.0014531998014634567,500287.07,500287.07,0.0,0.0
NSE:BAJAJ-AUTO-EQ,2020-01-01 11:00:00,3175.35,3175.35,31,2020-01-02 09:15:00,3165.95,0.0,0.0,"[{'entry_time': Timestamp('2020-01-01 11:00:00'), 'entry_price': 3175.35, 'quantity': 31}]",-330.8500000000028,39.45,0.0,1,0.00019199999999999998,100,0,-0.0033610722109882,499956.22000000003,500287.07,-330.8499999999767,-0.06613203095574241
NSE:BOSCHLTD-EQ,2020-01-01 12:05:00,15403.0,15403.0,6,2020-01-01 12:55:00,15437.6,0.0,0.0,"[{'entry_time': Timestamp('2020-01-01 12:05:00'), 'entry_price': 15403.0, 'quantity': 6}]",170.5300000000022,37.07,0.0,1,0.00019199999999999998,100,0,0.0018452033153714882,500126.75,500287.07,-160.32000000000698,-0.032045601338448935
NSE:BANDHANBNK-EQ,2020-01-01 12:05:00,505.6,505.6,198,2020-01-01 14:40:00,503.5,0.0,0.0,"[{'entry_time': Timestamp('2020-01-01 12:05:00'), 'entry_price': 505.6, 'quantity': 198}]",-455.9100000000045,40.11,0.0,1,0.00019199999999999998,100,0,-0.00455414509014197,499670.84,500287.07,-616.2299999999814,-0.12317528014465402
NSE:COLPAL-EQ,2020-01-01 12:10:00,1457.75,1457.75,69,2020-01-01 12:15:00,1460.6,0.0,0.0,"[{'entry_time': Timestamp('2020-01-01 12:10:00'), 'entry_price': 1457.75, 'quantity': 69}]",156.29999999999373,40.35,0.0,1,0.00019199999999999998,100,0,0.001553913490862121,499827.14,500287.07,-459.929999999993,-0.09193321746252467
NSE:IRB-EQ,2020-01-01 12:15:00,7.349999999999999,7.35,13618,2020-01-01 13:45:00,7.35,0.0,0.0,"[{'entry_time': Timestamp('2020-01-01 12:15:00'), 'entry_price': 7.35, 'quantity': 13618}]",-40.13999999998791,40.14,0.0,1,0.00019199999999999998,100,0,-0.00040102984944883783,499787.0,500287.07,-500.070000000007,-0.09995661091141271
NSE:BDL-EQ,2020-01-01 12:15:00,147.03,147.03,681,2020-01-01 12:25:00,147.48,0.0,0.0,"[{'entry_time': Timestamp('2020-01-01 12:15:00'), 'entry_price': 147.03, 'quantity': 681}]",266.27999999999224,40.17,0.0,1,0.00019199999999999998,100,0,0.0026594111124193663,500053.28,500287.07,-233.78999999997905,-0.04673116976618625
NSE:ASTRAL-EQ,2020-01-01 12:25:00,656.55,656.55,153,2020-01-01 13:00:00,660.38,0.0,0.0,"[{'entry_time': Timestamp('2020-01-01 12:25:00'), 'entry_price': 656.55, 'quantity': 153}]",545.6700000000062,40.32,0.0,1,0.00019199999999999998,100,0,0.005432138585386238,500598.95,500598.95,0.0,0.0
NSE:COFORGE-EQ,2020-01-01 13:00:00,317.14,317.14,316,2020-01-01 14:45:00,316.81,0.0,0.0,"[{'entry_time': Timestamp('2020-01-01 13:00:00'), 'entry_price': 317.14, 'quantity': 316}]",-144.45999999999498,40.18,0.0,1,0.00019199999999999998,100,0,-0.0014414829372963404,500454.49,500598.95,-144.46000000002095,-0.028857431682591615
NSE:DMART-EQ,2020-01-01 13:45:00,1827.35,1827.35,55,2020-01-01 15:20:00,1833.5,0.0,0.0,"[{'entry_time': Timestamp('2020-01-01 13:45:00'), 'entry_price': 1827.35, 'quantity': 55}]",297.930000000005,40.32,0.0,1,0.00019199999999999998,100,0,0.002964352253760463,500752.42000000004,500752.42000000004,0.0,0.0
NSE:MAHABANK-EQ,2020-01-01 14:40:00,12.75,12.75,7858,2020-01-01 14:50:00,12.9,0.0,0.0,"[{'entry_time': Timestamp('2020-01-01 14:40:00'), 'entry_price': 12.75, 'quantity': 7858}]",1138.4400000000028,40.26,0.0,1,0.00019199999999999998,100,0,0.011362867366340812,501890.86000000004,501890.86000000004,0.0,0.0
NSE:BANKINDIA-EQ,2020-01-01 14:45:00,69.9,69.9,1433,2020-01-01 15:10:00,70.3,0.0,0.0,"[{'entry_time': Timestamp('2020-01-01 14:45:00'), 'entry_price': 69.9, 'quantity': 1433}]",532.9899999999877,40.21,0.0,1,0.00019199999999999998,100,0,0.005321029843251177,502423.85000000003,502423.85000000003,0.0,0.0
NSE:ABFRL-EQ,2020-01-01 14:50:00,234.25,234.25,429,2020-01-01 14:55:00,235.5,0.0,0.0,"[{'entry_time': Timestamp('2020-01-01 14:50:00'), 'entry_price': 234.25, 'quantity': 429}]",495.92,40.33,0.0,1,0.00019199999999999998,100,0,0.004934858808924978,502919.77,502919.77,0.0,0.0
NSE:APOLLOTYRE-EQ,2020-01-01 14:55:00,163.25,163.25,616,2020-01-01 15:20:00,163.6,0.0,0.0,"[{'entry_time': Timestamp('2020-01-01 14:55:00'), 'entry_price': 163.25, 'quantity': 616}]",175.2599999999965,40.34,0.0,1,0.00019199999999999998,100,0,0.0017428054334638979,503095.03,503095.03,0.0,0.0
NSE:APLAPOLLO-EQ,2020-01-01 15:10:00,189.53,189.53,531,2020-01-02 10:05:00,190.68,0.0,0.0,"[{'entry_time': Timestamp('2020-01-01 15:10:00'), 'entry_price': 189.53, 'quantity': 531}]",570.2500000000031,40.4,0.0,1,0.00019199999999999998,100,0,0.005666211879261675,503665.28,503665.28,0.0,0.0
NSE:CHOLAFIN-EQ,2020-01-01 15:20:00,302.75,302.75,333,2020-01-02 09:25:00,304.25,0.0,0.0,"[{'entry_time': Timestamp('2020-01-01 15:20:00'), 'entry_price': 302.75, 'quantity': 333}]",459.04,40.46,0.0,1,0.00019199999999999998,100,0,0.004553256807592068,504124.32,504124.32,0.0,0.0
NSE:BOSCHLTD-EQ,2020-01-01 15:20:00,15273.0,15273.0,7,2020-01-02 09:20:00,15350.0,0.0,0.0,"[{'entry_time': Timestamp('2020-01-01 15:20:00'), 'entry_price': 15273.0, 'quantity': 7}]",496.09000000000003,42.91,0.0,1,0.00019199999999999998,100,0,0.004640214758069796,504620.41000000003,504620.41000000003,0.0,0.0
NSE:AUBANK-EQ,2020-01-02 09:15:00,396.53,396.53,254,2020-01-02 10:05:00,398.45,0.0,0.0,"[{'entry_time': Timestamp('2020-01-02 09:15:00'), 'entry_price': 396.53, 'quantity': 254}]",447.260000000004,40.42,0.0,1,0.00019199999999999998,100,0,0.004440688325554938,505067.67000000004,505067.67000000004,0.0,0.0
NSE:ASIANPAINT-EQ,2020-01-02 09:20:00,1789.5,1789.5,56,2020-01-02 10:15:00,1791.2,0.0,0.0,"[{'entry_time': Timestamp('2020-01-02 09:20:00'), 'entry_price': 1789.5, 'quantity': 56}]",55.01000000000255,40.19,0.0,1,0.00019199999999999998,100,0,0.0005489362551391305,505122.68,505122.68,0.0,0.0
NSE:ABB-EQ,2020-01-02 09:25:00,1293.9,1293.9,78,2020-01-02 09:50:00,1288.9,0.0,0.0,"[{'entry_time': Timestamp('2020-01-02 09:25:00'), 'entry_price': 1293.9, 'quantity': 78}]",-430.44,40.44,0.0,1,0.00019199999999999998,100,0,-0.004264983026865707,504692.24,505122.68,-430.4400000000023,-0.08521494223937882
NSE:BAJAJ-AUTO-EQ,2020-01-02 09:50:00,3128.3,3128.3,32,2020-01-02 12:30:00,3125.75,0.0,0.0,"[{'entry_time': Timestamp('2020-01-02 09:50:00'), 'entry_price': 3128.3, 'quantity': 32}]",-121.74000000000582,40.14,0.0,1,0.00019199999999999998,100,0,-0.0012161157817345465,504570.5,505122.68,-552.179999999993,-0.10931601804139798
NSE:HDFCAMC-EQ,2020-01-02 10:05:00,3165.75,3165.75,32,2020-01-02 10:30:00,3175.5,0.0,0.0,"[{'entry_time': Timestamp('2020-01-02 10:05:00'), 'entry_price': 3165.75, 'quantity': 32}]",271.36,40.64,0.0,1,0.00019199999999999998,100,0,0.0026786701413567086,504841.86,505122.68,-280.820000000007,-0.05559441520226473
NSE:BPCL-EQ,2020-01-02 10:05:00,244.35,244.35,413,2020-01-02 11:45:00,244.03,0.0,0.0,"[{'entry_time': Timestamp('2020-01-02 10:05:00'), 'entry_price': 244.35, 'quantity': 413}]",-172.6199999999972,40.46,0.0,1,0.00019199999999999998,100,0,-0.0017105222086961672,504669.24,505122.68,-453.4400000000023,-0.08976829153662282
NSE:GLENMARK-EQ,2020-01-02 10:15:00,344.4,344.4,293,2020-01-02 10:55:00,345.6,0.0,0.0,"[{'entry_time': Timestamp('2020-01-02 10:15:00'), 'entry_price': 344.4, 'quantity': 293}]",311.1100000000133,40.49,0.0,1,0.00019199999999999998,100,0,0.0030830687390249185,504980.35000000003,505122.68,-142.3299999999581,-0.02817731328158896
NSE:GODREJCP-EQ,2020-01-02 10:30:00,686.3,686.3,147,2020-01-02 13:40:00,683.45,0.0,0.0,"[{'entry_time': Timestamp('2020-01-02 10:30:00'), 'entry_price': 686.3, 'quantity': 147}]",-459.37999999998664,40.43,0.0,1,0.00019199999999999998,100,0,-0.004553451863041456,504520.97000000003,505122.68,-601.7099999999627,-0.11912155676715264
NSE:ALKEM-EQ,2020-01-02 10:55:00,2081.0,2081.0,49,2020-01-02 12:05:00,2085.0,0.0,0.0,"[{'entry_time': Timestamp('2020-01-02 10:55:00'), 'entry_price': 2081.0, 'quantity': 49}]",155.1,40.9,0.0,1,0.00019199999999999998,100,0,0.001521050515352705,504676.07000000007,505122.68,-446.6099999999278,-0.08841614476703517
NSE:COFORGE-EQ,2020-01-02 11:45:00,315.0,315.0,321,2020-01-02 12:05:00,315.95,0.0,0.0,"[{'entry_time': Timestamp('2020-01-02 11:45:00'), 'entry_price': 315.0, 'quantity': 321}]",264.37999999999636,40.57,0.0,1,0.00019199999999999998,100,0,0.0026146466894130084,504940.45,505122.68,-182.22999999998137,-0.03607638445376901
NSE:AMBUJACEM-EQ,2020-01-02 12:05:00,203.9,203.9,496,2020-01-02 13:00:00,204.3,0.0,0.0,"[{'entry_time': Timestamp('2020-01-02 12:05:00'), 'entry_price': 203.9, 'quantity': 496}]",157.83000000000283,40.57,0.0,1,0.00019199999999999998,100,0,0.0015605965922574595,505098.28,505122.68,-24.399999999965075,-0.00483050968924323
NSE:MPHASIS-EQ,2020-01-02 12:05:00,893.65,893.65,113,2020-01-02 12:35:00,900.3,0.0,0.0,"[{'entry_time': Timestamp('2020-01-02 12:05:00'), 'entry_price': 893.65, 'quantity': 113}]",710.9099999999975,40.54,0.0,1,0.00019199999999999998,100,0,0.007039936147320624,505809.19000000006,505809.19000000006,0.0,0.0
NSE:JSWENERGY-EQ,2020-01-02 12:05:00,69.5,69.5,1455,2020-01-02 12:15:00,69.85,0.0,0.0,"[{'entry_time': Timestamp('2020-01-02 12:05:00'), 'entry_price': 69.5, 'quantity': 1455}]",468.6699999999917,40.58,0.0,1,0.00019199999999999998,100,0,0.0046346757645429225,506277.86000000004,506277.86000000004,0.0,0.0
NSE:IGL-EQ,2020-01-02 12:15:00,210.13,210.13,482,2020-01-02 12:30:00,211.05,0.0,0.0,"[{'entry_time': Timestamp('2020-01-02 12:15:00'), 'entry_price': 210.13, 'quantity': 482}]",402.8000000000077,40.64,0.0,1,0.00019199999999999998,100,0,0.003976988756022084,506680.66000000003,506680.66000000003,0.0,0.0
NSE:ICICIGI-EQ,2020-01-02 12:30:00,1369.0,1369.0,74,2020-01-02 14:50:00,1358.4,0.0,0.0,"[{'entry_time': Timestamp('2020-01-02 12:30:00'), 'entry_price': 1369.0, 'quantity': 74}]",-824.9699999999933,40.57,0.0,1,0.00019199999999999998,100,0,-0.008143347876729842,505855.69000000006,506680.66000000003,-824.9699999999721,-0.16281852952508036
NSE:PAGEIND-EQ,2020-01-02 12:35:00,23558.9,23558.9,4,2020-01-02 13:55:00,23505.0,0.0,0.0,"[{'entry_time': Timestamp('2020-01-02 12:35:00'), 'entry_price': 23558.9, 'quantity': 4}]",-253.37000000000583,37.77,0.0,1,0.00019199999999999998,100,0,-0.0026886866534516236,505602.32000000007,506680.66000000003,-1078.3399999999674,-0.21282438528440525
NSE:ASIANPAINT-EQ,2020-01-02 13:00:00,1790.4,1790.4,57,2020-01-02 14:40:00,1789.5,0.0,0.0,"[{'entry_time': Timestamp('2020-01-02 13:00:00'), 'entry_price': 1790.4, 'quantity': 57}]",-92.22000000000519,40.92,0.0,1,0.00019199999999999998,100,0,-0.0009036498753586887,505510.10000000003,506680.66000000003,-1170.5599999999977,-0.2310251983961649
NSE:AUBANK-EQ,2020-01-02 13:40:00,398.0,398.0,255,2020-01-02 14:15:00,399.48,0.0,0.0,"[{'entry_time': Timestamp('2020-01-02 13:40:00'), 'entry_price': 398.0, 'quantity': 255}]",336.6800000000046,40.72,0.0,1,0.00019199999999999998,100,0,0.0033173711695734026,505846.78,506680.66000000003,-833.8800000000047,-0.16457703358956005
NSE:BPCL-EQ,2020-01-02 13:55:00,243.93,243.93,415,2020-01-02 15:10:00,243.98,0.0,0.0,"[{'entry_time': Timestamp('2020-01-02 13:55:00'), 'entry_price': 243.93, 'quantity': 415}]",-19.84000000000708,40.59,0.0,1,0.00019199999999999998,100,0,-0.00019598749196769448,505826.94,506680.66000000003,-853.7200000000303,-0.1684927149183137
NSE:DMART-EQ,2020-01-02 14:15:00,1828.45,1828.45,55,2020-01-03 09:15:00,1836.35,0.0,0.0,"[{'entry_time': Timestamp('2020-01-02 14:15:00'), 'entry_price': 1828.45, 'quantity': 55}]",394.1399999999925,40.36,0.0,1,0.00019199999999999998,100,0,0.003919265945572305,506221.08,506680.66000000003,-459.5800000000163,-0.090704073844069
NSE:ATGL-EQ,2020-01-02 14:40:00,181.8,181.8,557,2020-01-03 10:10:00,179.4,0.0,0.0,"[{'entry_time': Timestamp('2020-01-02 14:40:00'), 'entry_price': 181.8, 'quantity': 557}]",-1377.3100000000031,40.51,0.0,1,0.00019199999999999998,100,0,-0.013601369113572069,504843.77,506680.66000000003,-1836.890000000014,-0.36253406632888135
NSE:DIVISLAB-EQ,2020-01-02 14:50:00,1822.85,1822.85,56,2020-01-02 14:55:00,1827.45,0.0,0.0,"[{'entry_time': Timestamp('2020-01-02 14:50:00'), 'entry_price': 1822.85, 'quantity': 56}]",216.65000000000765,40.95,0.0,1,0.00019199999999999998,100,0,0.0021223633321447934,505060.42000000004,506680.66000000003,-1620.2399999999907,-0.319775378835259
NSE:MAHABANK-EQ,2020-01-02 14:55:00,12.9,12.9,7846,2020-01-02 15:00:00,12.95,0.0,0.0,"[{'entry_time': Timestamp('2020-01-02 14:55:00'), 'entry_price': 12.9, 'quantity': 7846}]",351.68999999999164,40.61,0.0,1,0.00019199999999999998,100,0,0.0034747375347532207,505412.11000000004,506680.66000000003,-1268.5499999999884,-0.25036479584596505
NSE:IGL-EQ,2020-01-02 15:00:00,210.58,210.58,481,2020-01-02 15:15:00,211.08,0.0,0.0,"[{'entry_time': Timestamp('2020-01-02 15:00:00'), 'entry_price': 210.58, 'quantity': 481}]",199.87,40.63,0.0,1,0.00019199999999999998,100,0,0.001973265008690975,505611.98000000004,506680.66000000003,-1068.679999999993,-0.21091785899228777
NSE:APLAPOLLO-EQ,2020-01-02 15:10:00,190.5,190.5,532,2020-01-03 10:05:00,189.61,0.0,0.0,"[{'entry_time': Timestamp('2020-01-02 15:10:00'), 'entry_price': 190.5, 'quantity': 532}]",-514.0899999999928,40.61,0.0,1,0.00019199999999999998,100,0,-0.005072622501134655,505097.89,506680.66000000003,-1582.7700000000186,-0.31238018834190723
NSE:CIPLA-EQ,2020-01-02 15:15:00,472.8,472.8,214,2020-01-03 11:05:00,471.0,0.0,0.0,"[{'entry_time': Timestamp('2020-01-02 15:15:00'), 'entry_price': 472.8, 'quantity': 214}]",-425.75000000000244,40.55,0.0,1,0.00019199999999999998,100,0,-0.004207880671126106,504672.14,506680.66000000003,-2008.5200000000186,-0.39640747290414013
NSE:BAJAJ-AUTO-EQ,2020-01-03 09:15:00,3108.55,3108.55,33,2020-01-03 10:25:00,3109.7,0.0,0.0,"[{'entry_time': Timestamp('2020-01-03 09:15:00'), 'entry_price': 3108.55, 'quantity': 33}]",-3.190000000012006,41.14,0.0,1,0.00019199999999999998,100,0,-3.1097028089311886e-05,504668.95,506680.66000000003,-2011.710000000021,-0.3970370607790755
NSE:ADANIPORTS-EQ,2020-01-03 10:05:00,379.5,379.5,267,2020-01-03 10:25:00,381.3,0.0,0.0,"[{'entry_time': Timestamp('2020-01-03 10:05:00'), 'entry_price': 379.5, 'quantity': 267}]",439.940000000003,40.66,0.0,1,0.00019199999999999998,100,0,0.004341805944150869,505108.89,506680.66000000003,-1571.7700000000186,-0.310209195669718
NSE:LTIM-EQ,2020-01-03 10:10:00,1805.0,1805.0,56,2020-01-03 11:15:00,1815.0,0.0,0.0,"[{'entry_time': Timestamp('2020-01-03 10:10:00'), 'entry_price': 1805.0, 'quantity': 56}]",519.43,40.57,0.0,1,0.00019199999999999998,100,0,0.005138800949742777,505628.32,506680.66000000003,-1052.3400000000256,-0.2076929480592422
NSE:AUBANK-EQ,2020-01-03 10:25:00,396.53,396.53,255,2020-01-03 10:45:00,397.75,0.0,0.0,"[{'entry_time': Timestamp('2020-01-03 10:25:00'), 'entry_price': 396.53, 'quantity': 255}]",270.53000000000696,40.57,0.0,1,0.00019199999999999998,100,0,0.002675464556992765,505898.85000000003,506680.66000000003,-781.8099999999977,-0.1543003437312957
NSE:COCHINSHIP-EQ,2020-01-03 10:25:00,202.85,202.85,498,2020-01-03 11:20:00,203.0,0.0,0.0,"[{'entry_time': Timestamp('2020-01-03 10:25:00'), 'entry_price': 202.85, 'quantity': 498}]",34.19000000000283,40.51,0.0,1,0.00019199999999999998,100,0,0.00033845017734237745,505933.04000000004,506680.66000000003,-747.6199999999953,-0.14755250378019072
NSE:AXISBANK-EQ,2020-01-03 10:45:00,748.8,748.8,135,2020-01-03 13:05:00,747.5,0.0,0.0,"[{'entry_time': Timestamp('2020-01-03 10:45:00'), 'entry_price': 748.8, 'quantity': 135}]",-216.01999999999387,40.52,0.0,1,0.00019199999999999998,100,0,-0.0021369499841721457,505717.02,506680.66000000003,-963.640000000014,-0.1901868526025868
NSE:ADANIENT-EQ,2020-01-03 11:05:00,207.55,207.55,487,2020-01-03 12:20:00,209.05,0.0,0.0,"[{'entry_time': Timestamp('2020-01-03 11:05:00'), 'entry_price': 207.55, 'quantity': 487}]",689.92,40.58,0.0,1,0.00019199999999999998,100,0,0.006825697476721919,506406.94,506680.66000000003,-273.72000000003027,-0.05402219220288185
NSE:BAJAJHLDNG-EQ,2020-01-03 11:15:00,3454.0,3454.0,29,2020-01-03 11:30:00,3464.4,0.0,0.0,"[{'entry_time': Timestamp('2020-01-03 11:15:00'), 'entry_price': 3454.0, 'quantity': 29}]",261.41000000000264,40.19,0.0,1,0.00019199999999999998,100,0,0.002609767785476136,506668.35000000003,506680.66000000003,-12.309999999997672,-0.002429538163149482
NSE:BOSCHLTD-EQ,2020-01-03 11:20:00,15268.0,15268.0,7,2020-01-03 12:55:00,15233.5,0.0,0.0,"[{'entry_time': Timestamp('2020-01-03 11:20:00'), 'entry_price': 15268.0, 'quantity': 7}]",-284.34000000000003,42.84,0.0,1,0.00019199999999999998,100,0,-0.00266046633481792,506384.01,506680.66000000003,-296.6500000000233,-0.058547725109543994
NSE:ALKEM-EQ,2020-01-03 11:30:00,2085.0,2085.0,49,2020-01-03 12:10:00,2087.35,0.0,0.0,"[{'entry_time': Timestamp('2020-01-03 11:30:00'), 'entry_price': 2085.0, 'quantity': 49}]",74.16999999999555,40.98,0.0,1,0.00019199999999999998,100,0,0.0007259824793226208,506458.18000000005,506680.66000000003,-222.47999999998137,-0.043909313609874386
NSE:ACC-EQ,2020-01-03 12:10:00,1473.5,1473.5,69,2020-01-03 13:10:00,1475.4,0.0,0.0,"[{'entry_time': Timestamp('2020-01-03 12:10:00'), 'entry_price': 1473.5, 'quantity': 69}]",90.32000000000627,40.78,0.0,1,0.00019199999999999998,100,0,0.0008883512095327233,506548.50000000006,506680.66000000003,-132.1599999999744,-0.02608349014149748
NSE:APLAPOLLO-EQ,2020-01-03 12:20:00,188.24,188.24,539,2020-01-03 14:25:00,186.26,0.0,0.0,"[{'entry_time': Timestamp('2020-01-03 12:20:00'), 'entry_price': 188.24, 'quantity': 539}]",-1107.8300000000097,40.61,0.0,1,0.00019199999999999998,100,0,-0.010918737931366282,505440.67000000004,506680.66000000003,-1239.9899999999907,-0.24472810941708148
NSE:DABUR-EQ,2020-01-03 12:55:00,455.5,455.5,222,2020-01-03 14:00:00,456.5,0.0,0.0,"[{'entry_time': Timestamp('2020-01-03 12:55:00'), 'entry_price': 455.5, 'quantity': 222}]",181.44,40.56,0.0,1,0.00019199999999999998,100,0,0.0017942860533420358,505622.11000000004,506680.66000000003,-1058.5499999999884,-0.20891857210417075
NSE:BRITANNIA-EQ,2020-01-03 13:05:00,3034.95,3034.95,33,2020-01-03 14:25:00,3032.0,0.0,0.0,"[{'entry_time': Timestamp('2020-01-03 13:05:00'), 'entry_price': 3034.95, 'quantity': 33}]",-137.499999999994,40.15,0.0,1,0.00019199999999999998,100,0,-0.0013728946660295839,505484.61000000004,506680.66000000003,-1196.0499999999884,-0.23605598050653606
NSE:CUMMINSIND-EQ,2020-01-03 13:10:00,579.05,579.05,175,2020-01-06 10:10:00,573.1,0.0,0.0,"[{'entry_time': Timestamp('2020-01-03 13:10:00'), 'entry_price': 579.05, 'quantity': 175}]",-1081.8099999999881,40.56,0.0,1,0.00019199999999999998,100,0,-0.010675712682102342,504402.80000000005,506680.66000000003,-2277.859999999986,-0.4495652152975379
NSE:APOLLOHOSP-EQ,2020-01-03 14:00:00,1485.5,1485.5,68,2020-01-03 15:05:00,1486.25,0.0,0.0,"[{'entry_time': Timestamp('2020-01-03 14:00:00'), 'entry_price': 1485.5, 'quantity': 68}]",10.490000000000002,40.51,0.0,1,0.00019199999999999998,100,0,0.00010384699150612789,504413.29000000004,506680.66000000003,-2267.3699999999953,-0.447494877740152
NSE:ACC-EQ,2020-01-03 14:25:00,1472.0,1472.0,69,2020-01-03 15:00:00,1473.2,0.0,0.0,"[{'entry_time': Timestamp('2020-01-03 14:25:00'), 'entry_price': 1472.0, 'quantity': 69}]",42.07000000000314,40.73,0.0,1,0.00019199999999999998,100,0,0.0004142052614997159,504455.36000000004,506680.66000000003,-2225.2999999999884,-0.4391918175838778
NSE:ADANIENSOL-EQ,2020-01-03 14:25:00,348.0,348.0,291,2020-01-06 10:35:00,338.5,0.0,0.0,"[{'entry_time': Timestamp('2020-01-03 14:25:00'), 'entry_price': 348.0, 'quantity': 291}]",-2804.92,40.42,0.0,1,0.00019199999999999998,100,0,-0.027697989493225897,501650.44000000006,506680.66000000003,-5030.219999999972,-0.9927791599545109
NSE:APLAPOLLO-EQ,2020-01-03 15:00:00,184.0,184.0,549,2020-01-03 15:10:00,185.8,0.0,0.0,"[{'entry_time': Timestamp('2020-01-03 15:00:00'), 'entry_price': 184.0, 'quantity': 549}]",947.6300000000061,40.57,0.0,1,0.00019199999999999998,100,0,0.009380989150233688,502598.07000000007,506680.66000000003,-4082.5899999999674,-0.8057520885048124
NSE:BAJAJ-AUTO-EQ,2020-01-03 15:05:00,3074.65,3074.65,33,2020-01-06 12:10:00,3038.45,0.0,0.0,"[{'entry_time': Timestamp('2020-01-03 15:05:00'), 'entry_price': 3074.65, 'quantity': 33}]",-1235.200000000009,40.6,0.0,1,0.00019199999999999998,100,0,-0.012173841910559998,501362.87000000005,506680.66000000003,-5317.789999999979,-1.0495348292946447
NSE:HAL-EQ,2020-01-03 15:15:00,367.05,367.05,276,2020-01-06 10:00:00,367.5,0.0,0.0,"[{'entry_time': Timestamp('2020-01-03 15:15:00'), 'entry_price': 367.05, 'quantity': 276}]",83.56999999999687,40.63,0.0,1,0.00019199999999999998,100,0,0.0008249280890136287,501446.44000000006,506680.66000000003,-5234.219999999972,-1.033041205875111
NSE:BHARTIARTL-EQ,2020-01-06 10:00:00,450.3,450.3,225,2020-01-06 11:20:00,449.5,0.0,0.0,"[{'entry_time': Timestamp('2020-01-06 10:00:00'), 'entry_price': 450.3, 'quantity': 225}]",-220.62000000000256,40.62,0.0,1,0.00019199999999999998,100,0,-0.0021775112887704746,501225.82,506680.66000000003,-5454.840000000026,-1.0765834243604295
NSE:GODREJPROP-EQ,2020-01-06 10:10:00,937.0,937.0,108,2020-01-06 11:00:00,941.95,0.0,0.0,"[{'entry_time': Timestamp('2020-01-06 10:10:00'), 'entry_price': 937.0, 'quantity': 108}]",493.9800000000049,40.62,0.0,1,0.00019199999999999998,100,0,0.004881418237875064,501719.80000000005,506680.66000000003,-4960.859999999986,-0.9790900643415097
NSE:CIPLA-EQ,2020-01-06 10:35:00,463.25,463.25,217,2020-01-06 11:35:00,464.0,0.0,0.0,"[{'entry_time': Timestamp('2020-01-06 10:35:00'), 'entry_price': 463.25, 'quantity': 217}]",122.43,40.32,0.0,1,0.00019199999999999998,100,0,0.0012179029646780287,501842.23000000004,506680.66000000003,-4838.429999999993,-0.9549269159000449
NSE:BAJFINANCE-EQ,2020-01-06 11:00:00,413.3,413.3,243,2020-01-06 13:05:00,403.7,0.0,0.0,"[{'entry_time': Timestamp('2020-01-06 11:00:00'), 'entry_price': 413.3, 'quantity': 243}]",-2372.9100000000058,40.11,0.0,1,0.00019199999999999998,100,0,-0.023627054750532506,499469.32,506680.66000000003,-7211.340000000026,-1.423251481515009
NSE:AXISBANK-EQ,2020-01-06 11:20:00,730.1,730.1,138,2020-01-06 13:25:00,728.0,0.0,0.0,"[{'entry_time': Timestamp('2020-01-06 11:20:00'), 'entry_price': 730.1, 'quantity': 138}]",-330.18000000000313,40.38,0.0,1,0.00019199999999999998,100,0,-0.0032770972409973927,499139.14,506680.66000000003,-7541.520000000019,-1.4884167870153202
NSE:ATGL-EQ,2020-01-06 11:35:00,167.05,167.05,602,2020-01-06 13:25:00,166.7,0.0,0.0,"[{'entry_time': Timestamp('2020-01-06 11:35:00'), 'entry_price': 167.05, 'quantity': 602}]",-251.0100000000137,40.31,0.0,1,0.00019199999999999998,100,0,-0.002496019951453985,498888.13,506680.66000000003,-7792.530000000028,-1.537956866164978
NSE:ADANIPOWER-EQ,2020-01-06 12:10:00,60.65,60.65,1655,2020-01-06 14:45:00,60.35,0.0,0.0,"[{'entry_time': Timestamp('2020-01-06 12:10:00'), 'entry_price': 60.65, 'quantity': 1655}]",-536.7199999999953,40.22,0.0,1,0.00019199999999999998,100,0,-0.005347108240785202,498351.41000000003,506680.66000000003,-8329.25,-1.643885519530191
NSE:ADANIPORTS-EQ,2020-01-06 13:05:00,379.0,379.0,264,2020-01-06 13:25:00,381.35,0.0,0.0,"[{'entry_time': Timestamp('2020-01-06 13:05:00'), 'entry_price': 379.0, 'quantity': 264}]",580.240000000006,40.16,0.0,1,0.00019199999999999998,100,0,0.005799152474614276,498931.65,506680.66000000003,-7749.010000000009,-1.529367629701913
NSE:APOLLOTYRE-EQ,2020-01-06 13:25:00,161.8,161.8,617,2020-01-06 14:50:00,161.6,0.0,0.0,"[{'entry_time': Timestamp('2020-01-06 13:25:00'), 'entry_price': 161.8, 'quantity': 617}]",-163.42000000001053,40.02,0.0,1,0.00019199999999999998,100,0,-0.00163697303231685,498768.23000000004,506680.66000000003,-7912.429999999993,-1.5616206862918336
NSE:BANDHANBNK-EQ,2020-01-06 13:25:00,496.1,496.1,201,2020-01-06 14:50:00,496.75,0.0,0.0,"[{'entry_time': Timestamp('2020-01-06 13:25:00'), 'entry_price': 496.1, 'quantity': 201}]",90.65999999999542,39.99,0.0,1,0.00019199999999999998,100,0,0.0009091811653283212,498858.89,506680.66000000003,-7821.770000000019,-1.5437277594135954
NSE:BSE-EQ,2020-01-06 13:25:00,55.64,55.64,1795,2020-01-07 09:15:00,56.48,0.0,0.0,"[{'entry_time': Timestamp('2020-01-06 13:25:00'), 'entry_price': 55.64, 'quantity': 1795}]",1467.6499999999933,40.15,0.0,1,0.00019199999999999998,100,0,0.014695045146975415,500326.54,506680.66000000003,-6354.120000000054,-1.2540679962010102
NSE:APLAPOLLO-EQ,2020-01-06 14:45:00,177.69,177.69,562,2020-01-07 09:15:00,183.1,0.0,0.0,"[{'entry_time': Timestamp('2020-01-06 14:45:00'), 'entry_price': 177.69, 'quantity': 562}]",3000.1699999999983,40.25,0.0,1,0.00019199999999999998,100,0,0.030043225746626972,503326.71,506680.66000000003,-3353.9500000000116,-0.6619455338990068
NSE:INDHOTEL-EQ,2020-01-06 14:50:00,142.0,142.0,703,2020-01-07 09:15:00,143.5,0.0,0.0,"[{'entry_time': Timestamp('2020-01-06 14:50:00'), 'entry_price': 142.0, 'quantity': 703}]",1014.4,40.1,0.0,1,0.00019199999999999998,100,0,0.010161681325506381,504341.11,506680.66000000003,-2339.5500000000466,-0.46174053692912737
NSE:BHARATFORG-EQ,2020-01-06 14:50:00,472.7,472.7,211,2020-01-07 09:15:00,485.45,0.0,0.0,"[{'entry_time': Timestamp('2020-01-06 14:50:00'), 'entry_price': 472.7, 'quantity': 211}]",2650.07,40.18,0.0,1,0.00019199999999999998,100,0,0.02656986134909169,506991.18,506991.18,0.0,0.0
NSE:TECHM-EQ,2020-01-07 09:20:00,764.75,764.75,133,2020-01-07 10:15:00,767.5,0.0,0.0,"[{'entry_time': Timestamp('2020-01-07 09:20:00'), 'entry_price': 764.75, 'quantity': 133}]",324.94,40.81,0.0,1,0.00019199999999999998,100,0,0.0031947144749746217,507316.12,507316.12,0.0,0.0
NSE:INFY-EQ,2020-01-07 09:25:00,734.95,734.95,138,2020-01-07 09:40:00,740.95,0.0,0.0,"[{'entry_time': Timestamp('2020-01-07 09:25:00'), 'entry_price': 734.95, 'quantity': 138}]",787.27,40.73,0.0,1,0.00019199999999999998,100,0,0.007762235624823141,508103.39,508103.39,0.0,0.0
NSE:WIPRO-EQ,2020-01-07 09:25:00,125.47999999999999,125.48,808,2020-01-07 09:55:00,126.1,0.0,0.0,"[{'entry_time': Timestamp('2020-01-07 09:25:00'), 'entry_price': 125.48, 'quantity': 808}]",460.2700000000037,40.69,0.0,1,0.00019199999999999998,100,0,0.004539696279159352,508563.66000000003,508563.66000000003,0.0,0.0
NSE:PHOENIXLTD-EQ,2020-01-07 09:25:00,430.0,430.0,236,2020-01-07 10:55:00,428.28,0.0,0.0,"[{'entry_time': Timestamp('2020-01-07 09:25:00'), 'entry_price': 430.0, 'quantity': 236}]",-446.59000000000646,40.67,0.0,1,0.00019199999999999998,100,0,-0.0044007686243595434,508117.07,508563.66000000003,-446.5900000000256,-0.08781398183268257
NSE:HCLTECH-EQ,2020-01-07 09:40:00,580.15,580.15,175,2020-01-07 09:55:00,582.0,0.0,0.0,"[{'entry_time': Timestamp('2020-01-07 09:40:00'), 'entry_price': 580.15, 'quantity': 175}]",283.02000000000396,40.73,0.0,1,0.00019199999999999998,100,0,0.0027876534393814797,508400.09,508563.66000000003,-163.57000000000698,-0.03216313175031165
NSE:BIOCON-EQ,2020-01-07 10:00:00,284.8,284.8,357,2020-01-07 11:35:00,279.85,0.0,0.0,"[{'entry_time': Timestamp('2020-01-07 10:00:00'), 'entry_price': 284.8, 'quantity': 357}]",-1807.799999999996,40.65,0.0,1,0.00019199999999999998,100,0,-0.017780426777452514,506592.29000000004,508563.66000000003,-1971.3699999999953,-0.3876348538155469
NSE:BPCL-EQ,2020-01-07 10:00:00,231.73,231.73,439,2020-01-07 10:10:00,235.68,0.0,0.0,"[{'entry_time': Timestamp('2020-01-07 10:00:00'), 'entry_price': 231.73, 'quantity': 439}]",1693.1400000000074,40.91,0.0,1,0.00019199999999999998,100,0,0.016643554714282964,508285.43,508563.66000000003,-278.2300000000396,-0.054708981762487625
NSE:MUTHOOTFIN-EQ,2020-01-07 10:10:00,751.45,751.45,136,2020-01-07 11:20:00,753.25,0.0,0.0,"[{'entry_time': Timestamp('2020-01-07 10:10:00'), 'entry_price': 751.45, 'quantity': 136}]",203.79999999999382,41.0,0.0,1,0.00019199999999999998,100,0,0.001994183793685089,508489.23,508563.66000000003,-74.43000000005122,-0.014635335918427835
NSE:NMDC-EQ,2020-01-07 10:10:00,42.43,42.43,2405,2020-01-07 12:25:00,42.13,0.0,0.0,"[{'entry_time': Timestamp('2020-01-07 10:10:00'), 'entry_price': 42.43, 'quantity': 2405}]",-762.3699999999932,40.87,0.0,1,0.00019199999999999998,100,0,-0.007470981923020509,507726.86000000004,508563.66000000003,-836.7999999999884,-0.16454183926550872
NSE:VBL-EQ,2020-01-07 10:15:00,61.43,61.43,1662,2020-01-07 11:25:00,61.68,0.0,0.0,"[{'entry_time': Timestamp('2020-01-07 10:15:00'), 'entry_price': 61.43, 'quantity': 1662}]",374.53,40.97,0.0,1,0.00019199999999999998,100,0,0.003668386409506442,508101.39,508563.66000000003,-462.2700000000186,-0.09089717499673858
NSE:APLAPOLLO-EQ,2020-01-07 11:20:00,181.99,181.99,561,2020-01-07 11:50:00,183.5,0.0,0.0,"[{'entry_time': Timestamp('2020-01-07 11:20:00'), 'entry_price': 181.99, 'quantity': 561}]",806.1099999999949,41.0,0.0,1,0.00019199999999999998,100,0,0.00789557789457585,508907.5,508907.5,0.0,0.0
NSE:ADANIENT-EQ,2020-01-07 11:25:00,202.3,202.3,505,2020-01-07 12:40:00,202.5,0.0,0.0,"[{'entry_time': Timestamp('2020-01-07 11:25:00'), 'entry_price': 202.3, 'quantity': 505}]",60.02999999999426,40.97,0.0,1,0.00019199999999999998,100,0,0.0005875990466075211,508967.53,508967.53,0.0,0.0
NSE:ADANIPOWER-EQ,2020-01-07 11:25:00,60.45,60.45,1690,2020-01-07 12:40:00,60.6,0.0,0.0,"[{'entry_time': Timestamp('2020-01-07 11:25:00'), 'entry_price': 60.45, 'quantity': 1690}]",212.51999999999762,40.98,0.0,1,0.00019199999999999998,100,0,0.0020802560676582206,509180.05,509180.05,0.0,0.0
NSE:APOLLOTYRE-EQ,2020-01-07 11:50:00,161.65,161.65,631,2020-01-07 14:00:00,160.6,0.0,0.0,"[{'entry_time': Timestamp('2020-01-07 11:50:00'), 'entry_price': 161.65, 'quantity': 631}]",-703.4100000000072,40.86,0.0,1,0.00019199999999999998,100,0,-0.006896098720455673,508476.64,509180.05,-703.4099999999744,-0.13814563237502617
NSE:ICICIGI-EQ,2020-01-07 12:25:00,1388.95,1388.95,73,2020-01-07 13:45:00,1387.8,0.0,0.0,"[{'entry_time': Timestamp('2020-01-07 12:25:00'), 'entry_price': 1388.95, 'quantity': 73}]",-124.60000000000664,40.65,0.0,1,0.00019199999999999998,100,0,-0.0012288774362421858,508352.04,509180.05,-828.0100000000093,-0.16261634759649543
NSE:ADANIENSOL-EQ,2020-01-07 12:40:00,331.7,331.7,307,2020-01-07 13:45:00,331.4,0.0,0.0,"[{'entry_time': Timestamp('2020-01-07 12:40:00'), 'entry_price': 331.7, 'quantity': 307}]",-132.93000000000347,40.83,0.0,1,0.00019199999999999998,100,0,-0.0013053866224631326,508219.11,509180.05,-960.9400000000023,-0.188723026363661
NSE:ABCAPITAL-EQ,2020-01-07 12:40:00,102.15,102.15,997,2020-01-07 13:45:00,102.15,0.0,0.0,"[{'entry_time': Timestamp('2020-01-07 12:40:00'), 'entry_price': 102.15, 'quantity': 997}]",-40.84,40.84,0.0,1,0.00019199999999999998,100,0,-0.0004010072311894077,508178.26999999996,509180.05,-1001.7800000000279,-0.19674376480383077
NSE:BANDHANBNK-EQ,2020-01-07 13:45:00,496.0,496.0,205,2020-01-08 12:55:00,487.8,0.0,0.0,"[{'entry_time': Timestamp('2020-01-07 13:45:00'), 'entry_price': 496.0, 'quantity': 205}]",-1721.6599999999978,40.66,0.0,1,0.00019199999999999998,100,0,-0.016932140047206903,506456.61,509180.05,-2723.4400000000023,-0.5348677741792913
NSE:CGPOWER-EQ,2020-01-07 13:45:00,11.85,11.85,8589,2020-01-07 14:35:00,12.0,0.0,0.0,"[{'entry_time': Timestamp('2020-01-07 13:45:00'), 'entry_price': 11.85, 'quantity': 8589}]",1247.450000000003,40.9,0.0,1,0.00019199999999999998,100,0,0.01225637934498697,507704.06,509180.05,-1475.9899999999907,-0.2898758503990859
NSE:CIPLA-EQ,2020-01-07 13:45:00,464.15,464.15,219,2020-01-07 14:10:00,465.6,0.0,0.0,"[{'entry_time': Timestamp('2020-01-07 13:45:00'), 'entry_price': 464.15, 'quantity': 219}]",276.77000000001,40.78,0.0,1,0.00019199999999999998,100,0,0.002722805029274901,507980.83,509180.05,-1199.219999999972,-0.2355198323264967
NSE:IOC-EQ,2020-01-07 14:00:00,83.37,83.37,1219,2020-01-07 15:20:00,83.27,0.0,0.0,"[{'entry_time': Timestamp('2020-01-07 14:00:00'), 'entry_price': 83.37, 'quantity': 1219}]",-162.6400000000104,40.74,0.0,1,0.00019199999999999998,100,0,-0.0016003458888262459,507818.19,509180.05,-1361.859999999986,-0.2674613822752847
NSE:BOSCHLTD-EQ,2020-01-07 14:10:00,14750.0,14750.0,7,2020-01-07 14:40:00,14790.0,0.0,0.0,"[{'entry_time': Timestamp('2020-01-07 14:10:00'), 'entry_price': 14750.0, 'quantity': 7}]",238.57999999999998,41.42,0.0,1,0.00019199999999999998,100,0,0.0023107021791767554,508056.76999999996,509180.05,-1123.280000000028,-0.22060565805750398
NSE:MARICO-EQ,2020-01-07 14:35:00,333.1,333.1,306,2020-01-08 10:50:00,330.75,0.0,0.0,"[{'entry_time': Timestamp('2020-01-07 14:35:00'), 'entry_price': 333.1, 'quantity': 306}]",-759.920000000007,40.82,0.0,1,0.00019199999999999998,100,0,-0.007455414868839628,507296.85,509180.05,-1883.2000000000116,-0.36984952572277957
NSE:PIDILITIND-EQ,2020-01-07 14:40:00,1396.25,1396.25,73,2020-01-08 09:25:00,1400.45,0.0,0.0,"[{'entry_time': Timestamp('2020-01-07 14:40:00'), 'entry_price': 1396.25, 'quantity': 73}]",265.71000000000333,40.89,0.0,1,0.00019199999999999998,100,0,0.0026068848799990518,507562.56,509180.05,-1617.4899999999907,-0.3176656273159152
NSE:INDHOTEL-EQ,2020-01-07 14:40:00,141.0,141.0,723,2020-01-08 11:05:00,139.6,0.0,0.0,"[{'entry_time': Timestamp('2020-01-07 14:40:00'), 'entry_price': 141.0, 'quantity': 723}]",-1053.010000000004,40.81,0.0,1,0.00019199999999999998,100,0,-0.01032939976261248,506509.55,509180.05,-2670.5,-0.5244706661229167
NSE:ASTRAL-EQ,2020-01-07 15:20:00,642.8,642.8,159,2020-01-08 10:20:00,643.22,0.0,0.0,"[{'entry_time': Timestamp('2020-01-07 15:20:00'), 'entry_price': 642.8, 'quantity': 159}]",25.790000000011567,40.99,0.0,1,0.00019199999999999998,100,0,0.00025233549760688854,506535.33999999997,509180.05,-2644.710000000021,-0.5194056601392809
NSE:ACC-EQ,2020-01-08 09:25:00,1443.6,1443.6,71,2020-01-08 09:40:00,1455.2,0.0,0.0,"[{'entry_time': Timestamp('2020-01-08 09:25:00'), 'entry_price': 1443.6, 'quantity': 71}]",782.4400000000097,41.16,0.0,1,0.00019199999999999998,100,0,0.007633888674245624,507317.78,509180.05,-1862.2699999999604,-0.36573899546927663
NSE:BRITANNIA-EQ,2020-01-08 09:40:00,3026.0,3026.0,34,2020-01-08 12:25:00,3019.7,0.0,0.0,"[{'entry_time': Timestamp('2020-01-08 09:40:00'), 'entry_price': 3026.0, 'quantity': 34}]",-255.4400000000062,41.24,0.0,1,0.00019199999999999998,100,0,-0.002482796158780823,507062.33999999997,509180.05,-2117.710000000021,-0.4159059256151181
NSE:INFY-EQ,2020-01-08 10:20:00,722.6,722.6,141,2020-01-08 12:05:00,716.2,0.0,0.0,"[{'entry_time': Timestamp('2020-01-08 10:20:00'), 'entry_price': 722.6, 'quantity': 141}]",-943.1899999999968,40.79,0.0,1,0.00019199999999999998,100,0,-0.009257252671106865,506119.15,509180.05,-3060.899999999965,-0.6011429552277167
NSE:ATGL-EQ,2020-01-08 10:50:00,169.0,169.0,604,2020-01-08 12:10:00,168.45,0.0,0.0,"[{'entry_time': Timestamp('2020-01-08 10:50:00'), 'entry_price': 169.0, 'quantity': 604}]",-373.11000000000683,40.91,0.0,1,0.00019199999999999998,100,0,-0.0036552176809436774,505746.04,509180.05,-3434.0100000000093,-0.6744195889057337
NSE:ABCAPITAL-EQ,2020-01-08 11:05:00,100.15,100.15,1017,2020-01-08 12:30:00,100.2,0.0,0.0,"[{'entry_time': Timestamp('2020-01-08 11:05:00'), 'entry_price': 100.15, 'quantity': 1017}]",9.999999999997108,40.85,0.0,1,0.00019199999999999998,100,0,9.818114519466727e-05,505756.04,509180.05,-3424.0100000000093,-0.6724556470741556
NSE:ABB-EQ,2020-01-08 12:10:00,1288.45,1288.45,79,2020-01-08 12:55:00,1292.0,0.0,0.0,"[{'entry_time': Timestamp('2020-01-08 12:10:00'), 'entry_price': 1288.45, 'quantity': 79}]",239.6099999999964,40.84,0.0,1,0.00019199999999999998,100,0,0.0023540207029248313,505995.64999999997,509180.05,-3184.4000000000233,-0.625397636847717
NSE:DABUR-EQ,2020-01-08 12:25:00,452.05,452.05,225,2020-01-08 12:30:00,453.7,0.0,0.0,"[{'entry_time': Timestamp('2020-01-08 12:25:00'), 'entry_price': 452.05, 'quantity': 225}]",330.4399999999949,40.81,0.0,1,0.00019199999999999998,100,0,0.003248804827391217,506326.08999999997,509180.05,-2853.960000000021,-0.5605011429650516
NSE:BSE-EQ,2020-01-08 12:25:00,54.58,54.58,1860,2020-01-08 13:55:00,54.57,0.0,0.0,"[{'entry_time': Timestamp('2020-01-08 12:25:00'), 'entry_price': 54.58, 'quantity': 1860}]",-59.3099999999963,40.71,0.0,1,0.00019199999999999998,100,0,-0.0005842267639097024,506266.77999999997,509180.05,-2913.2700000000186,-0.5721492819681405
NSE:IOC-EQ,2020-01-08 12:55:00,81.6,81.6,1241,2020-01-08 14:35:00,81.2,0.0,0.0,"[{'entry_time': Timestamp('2020-01-08 12:55:00'), 'entry_price': 81.6, 'quantity': 1241}]",-536.9699999999895,40.57,0.0,1,0.00019199999999999998,100,0,-0.005302590415698811,505729.81,509180.05,-3450.2399999999907,-0.6776070664983812
NSE:MPHASIS-EQ,2020-01-08 13:00:00,886.15,886.15,114,2020-01-08 13:45:00,889.0,0.0,0.0,"[{'entry_time': Timestamp('2020-01-08 13:00:00'), 'entry_price': 886.15, 'quantity': 114}]",284.3700000000026,40.53,0.0,1,0.00019199999999999998,100,0,0.0028149564793889855,506014.18,509180.05,-3165.8699999999953,-0.6217584526337974
NSE:INDIGO-EQ,2020-01-08 13:05:00,1351.7,1351.7,75,2020-01-08 14:00:00,1357.55,0.0,0.0,"[{'entry_time': Timestamp('2020-01-08 13:05:00'), 'entry_price': 1351.7, 'quantity': 75}]",398.0699999999932,40.68,0.0,1,0.00019199999999999998,100,0,0.003926610934378863,506412.25,509180.05,-2767.7999999999884,-0.5435798201441687
NSE:ADANIENT-EQ,2020-01-08 13:10:00,196.45,196.45,515,2020-01-08 14:15:00,198.95,0.0,0.0,"[{'entry_time': Timestamp('2020-01-08 13:10:00'), 'entry_price': 196.45, 'quantity': 515}]",1246.84,40.66,0.0,1,0.00019199999999999998,100,0,0.012323993604934183,507659.08999999997,509180.05,-1520.960000000021,-0.2987076968156983
NSE:INDHOTEL-EQ,2020-01-08 13:45:00,138.0,138.0,734,2020-01-08 14:25:00,138.65,0.0,0.0,"[{'entry_time': Timestamp('2020-01-08 13:45:00'), 'entry_price': 138.0, 'quantity': 734}]",436.4500000000042,40.65,0.0,1,0.00019199999999999998,100,0,0.0043088299174663764,508095.54,509180.05,-1084.5100000000093,-0.2129914555764723
NSE:APLAPOLLO-EQ,2020-01-08 13:55:00,180.3,180.3,562,2020-01-08 14:05:00,181.08,0.0,0.0,"[{'entry_time': Timestamp('2020-01-08 13:55:00'), 'entry_price': 180.3, 'quantity': 562}]",397.7000000000006,40.66,0.0,1,0.00019199999999999998,100,0,0.003924854384645605,508493.24,509180.05,-686.8099999999977,-0.13488548893461116
NSE:SIEMENS-EQ,2020-01-08 14:00:00,1464.0,1464.0,69,2020-01-08 14:45:00,1467.4,0.0,0.0,"[{'entry_time': Timestamp('2020-01-08 14:00:00'), 'entry_price': 1464.0, 'quantity': 69}]",194.08000000000627,40.52,0.0,1,0.00019199999999999998,100,0,0.001921279797259902,508687.32,509180.05,-492.7299999999814,-0.09676930586734131
NSE:BRITANNIA-EQ,2020-01-08 14:05:00,3018.8,3018.8,34,2020-01-08 14:30:00,3023.0,0.0,0.0,"[{'entry_time': Timestamp('2020-01-08 14:05:00'), 'entry_price': 3018.8, 'quantity': 34}]",101.62999999999381,41.17,0.0,1,0.00019199999999999998,100,0,0.0009901674993569103,508788.95,509180.05,-391.0999999999767,-0.07680976503301272
NSE:BDL-EQ,2020-01-08 14:15:00,147.0,147.0,692,2020-01-08 14:45:00,147.82,0.0,0.0,"[{'entry_time': Timestamp('2020-01-08 14:15:00'), 'entry_price': 147.0, 'quantity': 692}]",526.6099999999952,40.83,0.0,1,0.00019199999999999998,100,0,0.005176851087255665,509315.56,509315.56,0.0,0.0
NSE:ACC-EQ,2020-01-08 14:25:00,1461.8,1461.8,70,2020-01-09 09:15:00,1473.0,0.0,0.0,"[{'entry_time': Timestamp('2020-01-08 14:25:00'), 'entry_price': 1461.8, 'quantity': 70}]",742.9100000000032,41.09,0.0,1,0.00019199999999999998,100,0,0.007260227117252733,510058.47,510058.47,0.0,0.0
NSE:AMBUJACEM-EQ,2020-01-08 14:30:00,200.6,200.6,508,2020-01-08 14:55:00,201.65,0.0,0.0,"[{'entry_time': Timestamp('2020-01-08 14:30:00'), 'entry_price': 200.6, 'quantity': 508}]",492.5000000000058,40.9,0.0,1,0.00019199999999999998,100,0,0.004832942118526367,510550.97,510550.97,0.0,0.0
NSE:ASTRAL-EQ,2020-01-08 14:35:00,645.75,645.75,158,2020-01-09 09:15:00,646.85,0.0,0.0,"[{'entry_time': Timestamp('2020-01-08 14:35:00'), 'entry_price': 645.75, 'quantity': 158}]",132.88000000000358,40.92,0.0,1,0.00019199999999999998,100,0,0.0013023811974105625,510683.85,510683.85,0.0,0.0
NSE:DRREDDY-EQ,2020-01-08 14:45:00,578.37,578.37,176,2020-01-08 15:10:00,579.41,0.0,0.0,"[{'entry_time': Timestamp('2020-01-08 14:45:00'), 'entry_price': 578.37, 'quantity': 176}]",142.2099999999936,40.83,0.0,1,0.00019199999999999998,100,0,0.0013970492308320408,510826.06,510826.06,0.0,0.0
NSE:KPITTECH-EQ,2020-01-08 14:45:00,86.1,86.1,1183,2020-01-08 15:25:00,86.6,0.0,0.0,"[{'entry_time': Timestamp('2020-01-08 14:45:00'), 'entry_price': 86.1, 'quantity': 1183}]",550.62,40.88,0.0,1,0.00019199999999999998,100,0,0.005405851184462817,511376.68,511376.68,0.0,0.0
NSE:BOSCHLTD-EQ,2020-01-08 14:55:00,14529.8,14529.8,7,2020-01-09 09:15:00,14663.5,0.0,0.0,"[{'entry_time': Timestamp('2020-01-08 14:55:00'), 'entry_price': 14529.8, 'quantity': 7}]",895.0500000000051,40.85,0.0,1,0.00019199999999999998,100,0,0.008800140794387153,512271.73,512271.73,0.0,0.0
NSE:BDL-EQ,2020-01-08 15:10:00,146.2,146.2,698,2020-01-09 09:15:00,148.35,0.0,0.0,"[{'entry_time': Timestamp('2020-01-08 15:10:00'), 'entry_price': 146.2, 'quantity': 698}]",1459.680000000004,41.02,0.0,1,0.00019199999999999998,100,0,0.014303913075858756,513731.41000000003,513731.41000000003,0.0,0.0
NSE:BIOCON-EQ,2020-01-08 15:25:00,289.0,289.0,353,2020-01-09 09:15:00,286.8,0.0,0.0,"[{'entry_time': Timestamp('2020-01-08 15:25:00'), 'entry_price': 289.0, 'quantity': 353}]",-817.4599999999961,40.86,0.0,1,0.00019199999999999998,100,0,-0.008012978229118638,512913.95,513731.41000000003,-817.460000000021,-0.15912205952134031
NSE:TCS-EQ,2020-01-09 09:25:00,2241.7,2241.7,46,2020-01-09 11:25:00,2224.0,0.0,0.0,"[{'entry_time': Timestamp('2020-01-09 09:25:00'), 'entry_price': 2241.7, 'quantity': 46}]",-855.4899999999916,41.29,0.0,1,0.00019199999999999998,100,0,-0.008296207652965158,512058.46,513731.41000000003,-1672.9500000000116,-0.32564681999880274
NSE:SUZLON-EQ,2020-01-09 09:25:00,2.49,2.49,41198,2020-01-09 10:50:00,2.49,0.0,0.0,"[{'entry_time': Timestamp('2020-01-09 09:25:00'), 'entry_price': 2.49, 'quantity': 41198}]",-41.13,41.13,0.0,1,0.00019199999999999998,100,0,-0.0004009435479672952,512017.33,513731.41000000003,-1714.0800000000163,-0.33365294911596244
NSE:MFSL-EQ,2020-01-09 09:45:00,548.1,548.1,187,2020-01-09 12:15:00,497.3,0.0,0.0,"[{'entry_time': Timestamp('2020-01-09 09:45:00'), 'entry_price': 548.1, 'quantity': 187}]",-9540.050000000003,40.45,0.0,1,0.00019199999999999998,100,0,-0.09307847137461744,502477.28,513731.41000000003,-11254.130000000005,-2.190664183838789
NSE:TECHM-EQ,2020-01-09 09:55:00,765.3,765.3,134,2020-01-09 10:55:00,768.8,0.0,0.0,"[{'entry_time': Timestamp('2020-01-09 09:55:00'), 'entry_price': 765.3, 'quantity': 134}]",427.85,41.15,0.0,1,0.00019199999999999998,100,0,0.004172103028565522,502905.13,513731.41000000003,-10826.280000000028,-2.1073813649042847
NSE:BRITANNIA-EQ,2020-01-09 10:15:00,3016.45,3016.45,34,2020-01-09 10:45:00,3024.55,0.0,0.0,"[{'entry_time': Timestamp('2020-01-09 10:15:00'), 'entry_price': 3016.45, 'quantity': 34}]",234.26000000001238,41.14,0.0,1,0.00019199999999999998,100,0,0.0022841419549471612,503139.39,513731.41000000003,-10592.020000000019,-2.0617816613549125
NSE:PHOENIXLTD-EQ,2020-01-09 10:45:00,428.0,428.0,240,2020-01-09 11:35:00,429.28,0.0,0.0,"[{'entry_time': Timestamp('2020-01-09 10:45:00'), 'entry_price': 428.0, 'quantity': 240}]",265.9899999999935,41.21,0.0,1,0.00019199999999999998,100,0,0.0025894665109033634,503405.38,513731.41000000003,-10326.030000000028,-2.0100055785960267
NSE:APOLLOHOSP-EQ,2020-01-09 11:00:00,1480.55,1480.55,69,2020-01-09 11:30:00,1483.6,0.0,0.0,"[{'entry_time': Timestamp('2020-01-09 11:00:00'), 'entry_price': 1480.55, 'quantity': 69}]",169.46999999999687,40.98,0.0,1,0.00019199999999999998,100,0,0.001658901730114953,503574.85000000003,513731.41000000003,-10156.559999999998,-1.977017523612192
NSE:BANDHANBNK-EQ,2020-01-09 11:00:00,487.9,487.9,211,2020-01-09 12:30:00,487.5,0.0,0.0,"[{'entry_time': Timestamp('2020-01-09 11:00:00'), 'entry_price': 487.9, 'quantity': 211}]",-125.6799999999952,41.28,0.0,1,0.00019199999999999998,100,0,-0.0012208235507819587,503449.17000000004,513731.41000000003,-10282.23999999999,-2.0014816691858472
NSE:BRITANNIA-EQ,2020-01-09 11:25:00,3009.9,3009.9,34,2020-01-09 12:20:00,3014.5,0.0,0.0,"[{'entry_time': Timestamp('2020-01-09 11:25:00'), 'entry_price': 3009.9, 'quantity': 34}]",115.34999999999691,41.05,0.0,1,0.00019199999999999998,100,0,0.0011271627159784173,503564.52,513731.41000000003,-10166.890000000014,-1.9790283019681456
NSE:ACC-EQ,2020-01-09 11:30:00,1480.1,1480.1,69,2020-01-09 11:45:00,1482.9,0.0,0.0,"[{'entry_time': Timestamp('2020-01-09 11:30:00'), 'entry_price': 1480.1, 'quantity': 69}]",152.23000000001255,40.97,0.0,1,0.00019199999999999998,100,0,0.0014905965029782806,503716.75000000006,513731.41000000003,-10014.659999999974,-1.949396086176622
NSE:CIPLA-EQ,2020-01-09 11:35:00,469.6,469.6,219,2020-01-09 11:55:00,470.85,0.0,0.0,"[{'entry_time': Timestamp('2020-01-09 11:35:00'), 'entry_price': 469.6, 'quantity': 219}]",232.49,41.26,0.0,1,0.00019199999999999998,100,0,0.002260643470008479,503949.24000000005,513731.41000000003,-9782.169999999984,-1.904140920641777
NSE:BIOCON-EQ,2020-01-09 11:45:00,284.25,284.25,361,2020-01-09 12:55:00,283.85,0.0,0.0,"[{'entry_time': Timestamp('2020-01-09 11:45:00'), 'entry_price': 284.25, 'quantity': 361}]",-185.53999999999178,41.14,0.0,1,0.00019199999999999998,100,0,-0.0018081309369799203,503763.70000000007,513731.41000000003,-9967.709999999963,-1.940257069350687
NSE:APOLLOTYRE-EQ,2020-01-09 11:55:00,164.95,164.95,623,2020-01-09 12:35:00,165.35,0.0,0.0,"[{'entry_time': Timestamp('2020-01-09 11:55:00'), 'entry_price': 164.95, 'quantity': 623}]",207.98000000000354,41.22,0.0,1,0.00019199999999999998,100,0,0.00202386345003621,503971.68000000005,513731.41000000003,-9759.729999999981,-1.8997728793728967
NSE:ASTRAL-EQ,2020-01-09 12:20:00,637.88,637.88,158,2020-01-09 13:30:00,638.35,0.0,0.0,"[{'entry_time': Timestamp('2020-01-09 12:20:00'), 'entry_price': 637.88, 'quantity': 158}]",33.84000000000431,40.42,0.0,1,0.00019199999999999998,100,0,0.000335764117373018,504005.5200000001,513731.41000000003,-9725.889999999956,-1.8931857797053826
NSE:OIL-EQ,2020-01-09 12:30:00,103.47,103.47,974,2020-01-09 13:05:00,103.87,0.0,0.0,"[{'entry_time': Timestamp('2020-01-09 12:30:00'), 'entry_price': 103.47, 'quantity': 974}]",349.16000000000554,40.44,0.0,1,0.00019199999999999998,100,0,0.0034645838679148292,504354.68000000005,513731.41000000003,-9376.729999999981,-1.8252203033487833
NSE:KOTAKBANK-EQ,2020-01-09 12:35:00,1660.2,1660.2,61,2020-01-09 13:10:00,1664.4,0.0,0.0,"[{'entry_time': Timestamp('2020-01-09 12:35:00'), 'entry_price': 1660.2, 'quantity': 61}]",215.57000000000278,40.63,0.0,1,0.00019199999999999998,100,0,0.002128619700174409,504570.25000000006,513731.41000000003,-9161.159999999974,-1.78325868764769
NSE:NMDC-EQ,2020-01-09 12:35:00,40.27,40.27,2504,2020-01-09 14:15:00,40.12,0.0,0.0,"[{'entry_time': Timestamp('2020-01-09 12:35:00'), 'entry_price': 40.27, 'quantity': 2504}]",-416.0100000000142,40.41,0.0,1,0.00019199999999999998,100,0,-0.004125606628103891,504154.24000000005,513731.41000000003,-9577.169999999984,-1.8642368003155545
NSE:ADANIENSOL-EQ,2020-01-09 12:55:00,336.0,336.0,300,2020-01-09 13:10:00,336.5,0.0,0.0,"[{'entry_time': Timestamp('2020-01-09 12:55:00'), 'entry_price': 336.0, 'quantity': 300}]",109.57,40.43,0.0,1,0.00019199999999999998,100,0,0.0010870039682539681,504263.81000000006,513731.41000000003,-9467.599999999977,-1.8429085346368008
NSE:BAJAJ-AUTO-EQ,2020-01-09 13:05:00,3085.0,3085.0,33,2020-01-09 14:50:00,3085.9,0.0,0.0,"[{'entry_time': Timestamp('2020-01-09 13:05:00'), 'entry_price': 3085.0, 'quantity': 33}]",-11.129999999996997,40.83,0.0,1,0.00019199999999999998,100,0,-0.00010932665389712682,504252.68000000005,513731.41000000003,-9478.729999999981,-1.8450750363891475
NSE:DIXON-EQ,2020-01-09 13:10:00,830.6,830.6,122,2020-01-09 13:35:00,835.28,0.0,0.0,"[{'entry_time': Timestamp('2020-01-09 13:10:00'), 'entry_price': 830.6, 'quantity': 122}]",530.2899999999939,40.67,0.0,1,0.00019199999999999998,100,0,0.00523313188569979,504782.97000000003,513731.41000000003,-8948.440000000002,-1.741851836546261
NSE:DIVISLAB-EQ,2020-01-09 13:10:00,1843.4,1843.4,55,2020-01-09 14:25:00,1838.0,0.0,0.0,"[{'entry_time': Timestamp('2020-01-09 13:10:00'), 'entry_price': 1843.4, 'quantity': 55}]",-337.640000000005,40.64,0.0,1,0.00019199999999999998,100,0,-0.0033302099874737883,504445.33,513731.41000000003,-9286.080000000016,-1.8075748959947797
NSE:APOLLOTYRE-EQ,2020-01-09 13:30:00,164.2,164.2,615,2020-01-09 14:25:00,164.35,0.0,0.0,"[{'entry_time': Timestamp('2020-01-09 13:30:00'), 'entry_price': 164.2, 'quantity': 615}]",51.750000000003496,40.5,0.0,1,0.00019199999999999998,100,0,0.0005124624936870909,504497.08,513731.41000000003,-9234.330000000016,-1.7975015387904771
NSE:INFY-EQ,2020-01-09 13:35:00,726.0,726.0,139,2020-01-09 15:00:00,727.45,0.0,0.0,"[{'entry_time': Timestamp('2020-01-09 13:35:00'), 'entry_price': 726.0, 'quantity': 139}]",161.07000000000633,40.48,0.0,1,0.00019199999999999998,100,0,0.001596111540519713,504658.15,513731.41000000003,-9073.26000000001,-1.7661485794687946
NSE:ATGL-EQ,2020-01-09 14:15:00,169.25,169.25,597,2020-01-09 14:30:00,170.4,0.0,0.0,"[{'entry_time': Timestamp('2020-01-09 14:15:00'), 'entry_price': 169.25, 'quantity': 597}]",645.9900000000034,40.56,0.0,1,0.00019199999999999998,100,0,0.006393266183205574,505304.1400000001,513731.41000000003,-8427.26999999996,-1.6404038834222652
NSE:BAJAJHLDNG-EQ,2020-01-09 14:25:00,3413.35,3413.35,30,2020-01-09 15:00:00,3420.0,0.0,0.0,"[{'entry_time': Timestamp('2020-01-09 14:25:00'), 'entry_price': 3413.35, 'quantity': 30}]",158.42000000000274,41.08,0.0,1,0.00019199999999999998,100,0,0.0015470627584826513,505462.56000000006,513731.41000000003,-8268.849999999977,-1.6095667578511454
NSE:DABUR-EQ,2020-01-09 14:30:00,460.0,460.0,220,2020-01-09 14:55:00,460.45,0.0,0.0,"[{'entry_time': Timestamp('2020-01-09 14:30:00'), 'entry_price': 460.0, 'quantity': 220}]",58.409999999997495,40.59,0.0,1,0.00019199999999999998,100,0,0.0005771739130434535,505520.97000000003,513731.41000000003,-8210.440000000002,-1.5981970033718595
NSE:HDFCBANK-EQ,2020-01-09 14:50:00,634.75,634.75,159,2020-01-09 15:00:00,636.25,0.0,0.0,"[{'entry_time': Timestamp('2020-01-09 14:50:00'), 'entry_price': 634.75, 'quantity': 159}]",198.01,40.49,0.0,1,0.00019199999999999998,100,0,0.0019619470845997408,505718.98000000004,513731.41000000003,-8012.429999999993,-1.5596535162216367
